Estimated,responses,num
"$1,750,000+",7,0.225806452
"$1,500,000 - $1,750,000",0,0
"$1,250,001 - $1,500,000",1,0.032258065
"$1,000,001 - $1,250,000",1,0.032258065
"$750,0001 - $1,000,000",5,0.161290323
"$500,001 - $750,000",3,0.096774194
"$250,001 - $500,000",3,0.096774194
"$0 - $250,000",5,0.161290323
Unknown,6,0.193548387
